word,1987_1,2015_403
abstract,1,1
according,1,4
also,4,3
although,1,2
american,1,1
amount,1,1
appendix,3,5
approximately,1,2
assume,4,2
assumption,3,1
asymptotic,1,8
available,1,1
basic,1,1
become,1,2
becomes,1,1
best,1,4
bound,12,2
capable,1,1
case,3,3
choosing,1,6
complexity,3,9
computing,1,1
conclude,1,1
conference,1,1
consider,4,2
contribution,2,1
corresponds,4,1
define,3,6
denote,2,3
depends,1,2
designed,3,1
different,2,1
directly,2,4
distribution,4,32
enough,1,1
entire,1,1
entropy,9,1
estimate,4,1
expected,5,1
expression,2,2
fact,3,2
finite,1,1
first,4,3
fixed,2,4
follows,7,6
frequency,1,1
function,13,7
functions,5,1
furthermore,1,2
general,1,1
given,5,10
hold,2,1
holds,1,2
idea,2,2
implemented,1,1
independent,4,2
infinity,2,1
information,8,5
input,3,1
institute,2,1
introduce,1,1
introduction,1,1
knowledge,1,2
label,1,3
large,1,14
learning,10,10
let,2,5
likely,2,1
limit,1,2
log,1,17
low,3,6
main,3,1
make,1,1
many,2,1
maximum,2,2
may,1,1
model,1,13
models,1,11
much,1,2
need,1,3
needed,1,2
neural,9,3
next,1,2
normalized,1,1
notation,1,1
number,2,26
otherwise,1,1
paper,2,2
parameters,1,13
part,2,1
particular,2,1
perform,1,3
possible,3,3
probability,7,14
problems,1,1
process,2,16
proof,3,3
prove,4,3
provides,2,2
random,3,8
range,1,1
recall,1,1
references,1,1
relation,1,1
respectively,2,1
result,6,2
results,1,3
rule,1,2
sample,3,15
samples,2,11
search,1,4
section,1,12
set,2,17
show,1,5
since,12,3
small,1,4
start,2,1
starting,1,1
state,1,4
statistical,1,2
statistics,3,5
step,2,11
still,1,1
strong,1,2
subset,1,1
systems,1,3
technology,1,1
terms,7,1
theorem,8,9
theory,4,1
thus,1,8
total,2,1
training,3,4
uniform,5,1
upper,3,1
use,1,6
used,1,8
uses,1,2
using,4,11
value,4,1
values,4,4
variable,2,2
variance,1,5
work,1,1
