model,learning,data,algorithm,set,function,using,time,figure,number,problem,models,used,training,given,also,results,distribution,network,based,matrix,neural,first,information,use,error,method,linear,input,state,different,case,probability,methods,space,algorithms,performance,approach,parameters,networks,value,image,random,large,vector,section,let,order,functions,log,features,optimal,analysis,gaussian,following,example,see,show,since,new,may,work,values,kernel,feature,point,shown,well,bound,test,class,theorem,output,noise,variables,thus,points,classification,size,step,paper,note,system,mean,sample,rate,optimization,single,parameter,consider,problems,local,machine,form,process,second,graph,structure,high
model,learning,data,algorithm,set,function,using,time,figure,,,models,used,training,given,also,results,distribution,network,based,matrix,neural,,information,use,error,method,linear,input,state,,case,,methods,space,algorithms,performance,,parameters,networks,value,image,random,large,vector,section,,order,functions,log,features,optimal,analysis,gaussian,,example,see,show,,new,may,work,,kernel,feature,point,shown,well,bound,test,class,theorem,output,noise,variables,thus,points,classification,size,step,paper,note,,mean,sample,rate,optimization,single,,consider,problems,,machine,form,,,graph,structure,
model,learning,data,algorithm,set,function,,time,,number,,models,used,,given,,results,,,,,,first,information,use,,method,linear,,state,different,case,probability,methods,space,algorithms,performance,approach,parameters,networks,value,,,large,,section,let,,,,,,analysis,gaussian,following,example,see,show,,new,,,values,kernel,feature,point,shown,,,test,class,theorem,,noise,,thus,,,size,step,,note,system,,sample,rate,optimization,single,parameter,,problems,local,machine,form,process,second,graph,structure,high
,,,algorithm,set,function,using,,figure,number,problem,models,used,,given,,,distribution,network,,matrix,neural,first,information,use,error,,linear,input,,different,case,,,space,,performance,approach,parameters,,value,,random,large,vector,section,let,order,functions,log,features,optimal,,gaussian,following,example,,,,new,,work,,kernel,feature,point,,well,bound,,,theorem,output,,variables,thus,,classification,,step,,note,system,mean,sample,,optimization,single,,consider,problems,local,machine,form,process,,graph,structure,high
,learning,data,algorithm,set,function,,time,,number,problem,,,training,given,,,distribution,,,,neural,,information,,,,,,,different,,probability,methods,space,,performance,,parameters,networks,value,,,large,vector,section,let,,,,features,,analysis,gaussian,,example,see,,,new,,,values,kernel,feature,point,shown,,bound,test,,theorem,,,,thus,,classification,size,step,,,system,mean,sample,,,single,parameter,,problems,local,machine,form,process,second,graph,structure,high
model,learning,data,algorithm,set,function,using,time,figure,number,problem,models,used,training,given,,results,distribution,network,based,,neural,first,information,use,,method,linear,input,state,different,,probability,methods,space,algorithms,performance,approach,parameters,networks,value,image,random,large,vector,section,let,,functions,log,features,optimal,analysis,,following,example,see,show,since,new,may,work,values,kernel,feature,point,shown,well,bound,test,class,theorem,output,noise,variables,thus,points,,size,step,,note,system,mean,sample,rate,optimization,single,parameter,consider,problems,local,machine,form,process,second,graph,structure,high
model,learning,data,algorithm,set,function,using,time,figure,number,problem,models,used,training,given,also,,distribution,network,based,matrix,neural,first,information,use,error,method,linear,,state,different,case,probability,methods,space,algorithms,performance,approach,parameters,networks,value,image,random,large,vector,section,let,order,functions,log,features,optimal,analysis,,following,example,see,show,since,new,may,work,values,kernel,,point,shown,well,bound,test,class,theorem,output,noise,variables,thus,points,classification,size,step,paper,note,system,mean,sample,rate,optimization,single,parameter,consider,problems,local,machine,form,process,second,graph,structure,high
model,learning,data,algorithm,set,function,using,,figure,number,problem,models,used,training,given,also,results,distribution,,,,,first,information,use,error,method,linear,,state,different,,probability,methods,space,algorithms,performance,approach,,networks,value,,random,large,vector,section,let,,functions,log,features,optimal,analysis,gaussian,,example,see,show,since,new,may,work,values,kernel,feature,point,,well,bound,test,class,theorem,output,noise,variables,thus,points,classification,size,,paper,note,system,mean,sample,rate,optimization,single,parameter,consider,problems,local,machine,form,process,second,graph,structure,high
,learning,data,algorithm,set,function,,time,figure,number,problem,models,used,training,given,also,,,,based,matrix,neural,first,information,use,error,method,linear,input,state,different,case,probability,methods,space,algorithms,performance,approach,parameters,networks,value,image,random,large,vector,section,let,order,functions,log,features,optimal,analysis,gaussian,following,example,see,show,since,new,may,work,values,kernel,feature,point,shown,well,bound,test,class,theorem,,noise,variables,thus,points,classification,,step,,note,system,mean,sample,rate,optimization,single,,consider,,local,machine,form,process,,graph,,high
,learning,,,,function,using,time,figure,,,models,,,given,also,results,distribution,network,,matrix,neural,first,information,use,error,,linear,input,,different,,probability,,space,algorithms,performance,,parameters,networks,,,,large,vector,section,let,order,functions,log,features,optimal,analysis,gaussian,,example,see,,since,new,may,work,values,kernel,,point,shown,well,bound,test,class,theorem,output,,variables,,,classification,size,,paper,note,system,,sample,rate,optimization,,parameter,consider,problems,local,machine,form,process,second,graph,,high
model,learning,data,algorithm,set,function,using,time,figure,number,problem,models,used,training,given,also,results,distribution,network,based,matrix,neural,first,information,use,error,method,,input,state,different,case,probability,methods,space,algorithms,performance,,parameters,networks,value,image,,large,vector,section,let,order,functions,log,features,optimal,analysis,gaussian,following,example,see,,since,new,may,work,values,kernel,feature,point,shown,well,bound,test,class,theorem,output,noise,variables,thus,points,classification,size,step,paper,note,system,mean,sample,rate,optimization,single,parameter,consider,problems,local,machine,form,process,second,graph,structure,high
model,learning,data,algorithm,set,function,using,time,,number,problem,,,training,given,,,distribution,network,,,,first,information,use,,method,linear,input,,,,probability,,space,algorithms,performance,approach,,,value,image,random,large,vector,section,let,,,log,features,optimal,analysis,gaussian,,example,see,,,new,may,,values,kernel,feature,point,shown,well,,test,,theorem,output,noise,variables,thus,,classification,size,step,paper,note,system,,,rate,optimization,,parameter,consider,problems,local,machine,form,process,second,graph,structure,high
model,,data,algorithm,set,,using,time,,,,models,used,,given,,results,,network,based,matrix,neural,first,information,,,method,linear,,,,case,,methods,space,algorithms,performance,,parameters,,value,image,random,large,,section,,order,,log,features,,analysis,,,,see,show,,new,may,,,kernel,,,shown,well,,test,class,theorem,output,,variables,thus,points,,,,paper,note,,mean,,rate,optimization,single,,consider,problems,,,form,process,,graph,,
model,learning,data,algorithm,,function,using,time,figure,number,problem,models,used,,given,also,results,distribution,,,matrix,neural,first,information,use,error,method,linear,input,state,different,case,probability,,space,algorithms,performance,approach,parameters,networks,value,image,random,large,vector,section,let,,functions,log,features,optimal,analysis,gaussian,,example,see,show,since,new,,work,values,kernel,feature,point,shown,well,bound,,class,theorem,output,noise,variables,thus,points,classification,size,step,paper,note,system,mean,sample,rate,optimization,single,parameter,consider,problems,local,machine,form,process,second,graph,structure,high
model,learning,data,,,function,,,,,,models,,,given,,,,,,,,first,,,,method,,,,,,probability,,space,,performance,approach,,networks,value,,,,,,let,,,,,,analysis,gaussian,,example,see,,,,,,values,,feature,point,,,,,,theorem,,noise,,thus,,classification,size,step,,,system,,,,,single,parameter,,problems,local,machine,form,process,second,graph,structure,high
model,,data,algorithm,set,function,using,time,figure,number,,models,used,training,given,also,results,distribution,network,based,,neural,first,information,use,error,method,linear,input,state,,case,probability,methods,space,algorithms,performance,approach,parameters,networks,value,image,random,large,vector,section,let,order,functions,log,features,optimal,analysis,,following,example,see,show,since,new,may,work,values,kernel,feature,point,shown,well,bound,test,class,theorem,output,,variables,thus,points,classification,size,step,paper,note,system,mean,sample,rate,optimization,single,parameter,consider,problems,local,machine,form,,second,graph,structure,high
model,learning,data,algorithm,set,,using,time,figure,number,problem,models,used,training,given,also,results,distribution,network,based,matrix,neural,,information,use,error,method,linear,input,state,different,case,,methods,space,algorithms,performance,approach,parameters,networks,value,image,random,large,vector,section,let,order,functions,log,features,optimal,analysis,gaussian,following,example,see,show,since,,may,work,values,kernel,feature,point,shown,well,bound,test,class,theorem,output,noise,variables,thus,points,classification,size,step,paper,note,system,mean,sample,rate,optimization,single,parameter,consider,problems,local,machine,form,process,,,structure,high
model,learning,data,algorithm,set,,using,time,figure,number,problem,models,used,training,given,also,results,distribution,network,based,matrix,neural,first,information,use,error,method,linear,input,state,different,case,probability,,space,algorithms,performance,,parameters,,value,image,random,large,vector,section,let,,functions,log,features,optimal,analysis,,following,example,,show,since,new,may,work,values,kernel,feature,point,shown,well,bound,,class,,output,noise,variables,thus,points,classification,,,paper,note,system,mean,sample,,optimization,single,parameter,,problems,local,,form,process,second,graph,structure,high
model,learning,,,set,,using,,,,,models,,,,also,,distribution,,based,,,,information,,error,method,,input,,different,,,methods,space,algorithms,,,,,value,,,large,vector,,,,functions,log,features,,analysis,gaussian,,,,,,,may,,values,,,point,,,bound,test,class,,output,,variables,,points,,,step,paper,,system,mean,,rate,,single,,,problems,local,,form,,,,,
model,learning,data,algorithm,set,function,,time,,number,problem,models,used,training,given,also,,distribution,network,based,matrix,neural,first,information,use,error,method,,input,state,different,case,probability,methods,space,algorithms,performance,approach,parameters,networks,value,image,,large,vector,section,let,,,log,features,optimal,analysis,gaussian,following,example,see,show,since,new,may,work,values,kernel,feature,point,,well,bound,test,class,theorem,output,noise,variables,thus,points,classification,size,step,paper,note,system,mean,sample,rate,optimization,single,parameter,consider,problems,local,machine,form,process,second,graph,structure,high
,learning,,algorithm,set,function,,time,figure,number,problem,models,,,given,,results,distribution,,,matrix,neural,,information,,,method,linear,,,different,case,,,space,algorithms,performance,,parameters,,,image,random,,vector,section,let,order,functions,log,features,optimal,analysis,gaussian,following,example,see,show,since,new,,,values,,,point,shown,well,bound,,class,theorem,output,noise,variables,thus,points,classification,size,step,,,system,mean,sample,,optimization,single,parameter,consider,problems,local,machine,form,process,second,graph,,
,learning,data,algorithm,set,function,,,,,problem,,used,training,given,,results,distribution,network,based,,,,,use,,,,,state,different,,,methods,space,,,,parameters,,,image,,large,,section,,,,log,,optimal,,gaussian,following,example,,show,since,new,may,work,values,kernel,feature,point,,,,test,class,,,noise,,thus,points,,,,paper,,,,sample,,optimization,,,,,local,,form,process,,,structure,
model,learning,data,algorithm,set,function,using,time,figure,number,problem,models,used,training,given,also,results,distribution,network,based,matrix,neural,,information,use,error,method,linear,input,state,different,case,probability,methods,space,algorithms,performance,,parameters,networks,value,image,random,large,vector,section,let,order,functions,log,features,optimal,analysis,gaussian,following,example,see,show,since,new,may,work,values,kernel,feature,,shown,well,bound,test,class,theorem,,noise,variables,,points,classification,size,step,paper,note,system,mean,sample,rate,optimization,single,,consider,problems,local,machine,form,process,second,graph,structure,high
model,learning,data,algorithm,set,,using,time,figure,number,problem,models,used,training,given,also,results,distribution,network,based,matrix,,first,information,use,error,method,linear,input,state,different,case,probability,methods,space,algorithms,performance,approach,parameters,networks,value,,random,large,vector,section,let,order,functions,log,features,optimal,analysis,gaussian,following,example,see,show,since,new,may,work,values,kernel,feature,point,shown,well,bound,test,class,theorem,,noise,,thus,points,classification,size,step,paper,note,system,mean,sample,rate,optimization,single,parameter,consider,problems,local,machine,form,process,second,graph,structure,high
model,learning,,algorithm,set,function,using,time,figure,number,problem,models,,training,,also,results,distribution,network,,matrix,neural,first,,use,,method,linear,input,state,different,case,,methods,space,algorithms,performance,approach,parameters,,,,random,large,vector,section,let,order,functions,log,features,optimal,analysis,,,example,see,show,since,new,may,work,values,,feature,point,shown,,bound,test,,theorem,,noise,variables,thus,points,classification,size,step,,note,system,mean,sample,rate,optimization,single,,consider,,local,machine,form,process,,graph,,high
model,learning,,algorithm,,,using,time,,number,problem,models,used,training,,,results,distribution,,,matrix,neural,first,information,use,,method,linear,,state,different,case,,,space,algorithms,performance,approach,parameters,networks,value,image,random,large,vector,section,let,,,log,features,optimal,analysis,gaussian,,example,see,show,since,new,may,work,values,kernel,feature,point,shown,well,,,,theorem,output,noise,variables,thus,points,classification,size,step,paper,note,system,mean,,,optimization,single,parameter,consider,problems,local,machine,form,process,second,graph,,high
,learning,data,algorithm,set,function,,time,,number,problem,,used,,given,,results,distribution,,,,,,,use,,,,,state,,,,,space,algorithms,performance,approach,,,value,,random,large,,,let,,,,,,analysis,gaussian,,example,,,,new,may,work,values,,feature,point,,well,,,,theorem,output,noise,,thus,,classification,size,step,,,system,mean,sample,,optimization,,parameter,,problems,local,machine,form,process,,graph,structure,high
,,data,algorithm,,,,time,figure,number,problem,,used,training,given,also,,distribution,,,,neural,,,,,,,,,,,probability,,,,,approach,,networks,,image,,large,vector,section,let,,functions,log,features,optimal,analysis,gaussian,,example,see,show,,new,,,values,kernel,feature,point,shown,well,,test,,theorem,,noise,,thus,points,,size,step,,note,system,mean,,,optimization,,,consider,,,,form,process,,graph,,high
,learning,,algorithm,set,,,time,figure,,problem,,used,,given,also,results,distribution,network,based,,neural,first,information,use,error,method,,input,state,,case,,,,algorithms,performance,approach,,networks,value,image,,,vector,section,let,order,functions,log,features,optimal,analysis,,following,example,see,,since,,may,work,values,kernel,feature,point,,,bound,test,class,theorem,output,,variables,thus,points,,,,,note,,mean,sample,,optimization,,parameter,consider,problems,local,machine,form,process,,graph,structure,high
model,learning,data,algorithm,set,function,using,time,figure,,problem,models,used,,given,also,results,distribution,network,based,matrix,neural,first,information,,error,method,,input,state,different,case,probability,methods,space,algorithms,performance,approach,parameters,networks,value,image,random,large,vector,section,let,order,functions,log,features,optimal,analysis,gaussian,following,example,see,show,since,new,may,work,values,kernel,feature,point,shown,,bound,test,class,theorem,output,noise,variables,,points,classification,size,step,paper,,system,,sample,rate,optimization,single,parameter,,problems,local,machine,form,process,second,graph,structure,high
model,learning,data,algorithm,set,,,time,figure,,problem,models,,training,,also,,,,based,matrix,neural,,information,use,error,method,,,state,,case,,methods,space,,,approach,parameters,networks,value,image,,large,vector,section,,,functions,log,features,optimal,analysis,gaussian,following,example,see,show,since,new,may,work,values,kernel,,point,shown,well,bound,test,class,,,noise,variables,,points,classification,,,paper,note,system,,sample,,,single,,consider,problems,local,machine,form,,second,graph,,high
model,,data,algorithm,set,function,using,time,figure,number,problem,models,used,,given,also,results,distribution,network,,matrix,neural,first,,,error,method,linear,input,state,different,case,probability,,space,algorithms,performance,approach,parameters,,value,,random,large,vector,section,let,order,functions,log,features,optimal,analysis,gaussian,following,example,see,show,since,new,may,,values,,feature,,shown,well,bound,test,class,theorem,output,noise,variables,thus,points,classification,size,,,note,system,mean,sample,,optimization,single,parameter,,problems,local,machine,form,,second,graph,structure,high
model,learning,data,algorithm,set,function,,time,figure,number,problem,models,used,training,,also,results,distribution,network,based,matrix,neural,first,information,use,error,method,linear,input,state,,case,probability,,space,algorithms,performance,approach,parameters,networks,value,image,,large,,section,let,,,log,features,optimal,,gaussian,following,example,see,show,since,,may,work,values,kernel,feature,point,,well,bound,,,theorem,output,noise,variables,thus,points,classification,,step,,note,system,mean,sample,rate,optimization,single,parameter,consider,problems,local,machine,form,process,second,graph,structure,high
model,learning,,algorithm,set,function,,time,figure,number,,models,,,,,,distribution,network,based,,,,information,use,error,,,input,state,,,,methods,space,algorithms,performance,,,,value,,random,large,,section,,,,,features,,analysis,,following,,,,,,,work,,,,,shown,well,,test,,,,noise,,,points,,size,,,,,mean,,,optimization,single,,,problems,,,form,,,graph,,high
,learning,,algorithm,set,,,time,,number,problem,,,,,also,results,distribution,,,,,first,information,use,error,method,,,,,case,probability,,space,,,approach,,,value,image,random,,,section,let,,,log,,,analysis,,,,,show,,new,may,,values,kernel,feature,,shown,well,,,class,theorem,output,,variables,,,classification,,,,note,system,mean,,,,single,parameter,consider,,local,,form,process,,,,high
,learning,,,set,,,time,,,,,used,,given,,,distribution,network,based,matrix,neural,,information,use,,method,linear,,state,,case,probability,methods,,algorithms,performance,,parameters,networks,value,,random,large,,section,let,,,log,features,optimal,,,following,example,see,,since,new,may,work,values,kernel,feature,point,shown,well,bound,test,class,theorem,output,,,thus,points,classification,,step,,,system,mean,,,optimization,,,,problems,local,machine,form,process,,graph,structure,high
,learning,data,,set,function,using,time,,number,problem,,,,,,,,,,,,,information,use,,,linear,,,different,,,methods,,,,,,,,,,large,,section,let,,,,features,,analysis,gaussian,following,,see,show,,,,,values,kernel,feature,,shown,,bound,,,,,,,,,,size,,,,system,mean,sample,,,,parameter,consider,,local,,form,process,second,graph,structure,high
,learning,,algorithm,,function,,time,,,problem,,used,,given,,,distribution,network,based,matrix,neural,,information,,,method,,,,,,probability,,space,algorithms,performance,approach,parameters,networks,value,,,large,vector,section,,,functions,log,,,,,,example,,show,since,new,may,work,,kernel,feature,point,shown,,bound,,,,output,,,,points,classification,size,step,paper,note,system,mean,sample,,,single,parameter,,problems,local,machine,form,process,second,graph,,high
,learning,data,,set,function,using,,figure,number,problem,models,used,training,given,,,distribution,network,based,matrix,neural,,information,,,method,linear,input,,,case,probability,,,algorithms,,,,,value,image,random,,vector,section,let,,,log,features,,,gaussian,,example,see,show,since,new,,,values,,,point,shown,well,bound,test,class,theorem,output,,,thus,points,classification,,,,,system,mean,,rate,optimization,single,,consider,problems,,machine,form,process,second,graph,,
model,learning,data,algorithm,set,function,using,time,figure,,,,used,,,,results,,network,based,,,,information,,error,method,linear,,,,case,probability,methods,space,,,,,,,image,,large,,section,let,,,log,,,,,,example,see,show,since,,may,work,values,kernel,,,shown,well,bound,,,theorem,,,variables,,points,classification,,step,paper,note,system,,sample,rate,,,,,problems,local,machine,form,process,,graph,,high
model,learning,data,algorithm,set,function,using,time,,number,problem,,used,training,given,also,results,distribution,,based,matrix,neural,first,information,use,error,method,,,state,different,case,probability,methods,space,algorithms,performance,approach,,networks,value,,random,large,vector,section,let,order,,log,features,optimal,analysis,gaussian,following,example,,show,since,new,may,work,values,kernel,feature,point,shown,,,test,class,theorem,output,noise,variables,thus,points,classification,size,step,paper,note,system,mean,sample,rate,optimization,single,parameter,consider,problems,local,machine,form,process,second,graph,structure,high
model,learning,data,algorithm,set,function,using,time,,number,problem,models,used,training,,,results,distribution,,based,matrix,,first,information,use,error,method,linear,,state,different,,,,space,algorithms,performance,approach,,networks,value,image,,large,vector,section,let,,,log,features,optimal,analysis,,following,example,see,show,,new,may,work,values,kernel,feature,point,shown,well,bound,,class,theorem,output,,variables,thus,points,classification,size,step,paper,note,system,mean,sample,rate,optimization,,parameter,consider,problems,local,machine,form,process,,,structure,high
,,,algorithm,set,,,,,,,,,,,,,,,,matrix,,,,,,,,,,,,,,,,,approach,,networks,value,,,,vector,section,,,,,,optimal,,,following,example,see,,,,,,,,feature,point,,,bound,test,,theorem,output,,,,points,,,step,,,,,,,optimization,,,consider,,local,machine,form,,,,structure,
model,learning,,,set,,using,time,,number,,models,used,training,given,,,distribution,network,based,,neural,,information,,,,,,state,different,,,methods,,algorithms,performance,approach,,,value,,random,large,vector,section,let,,,,,optimal,,,following,,see,,since,new,may,,values,,feature,point,,well,,,,theorem,output,noise,variables,,points,,,step,,,system,mean,sample,,,single,,,problems,local,machine,form,process,second,graph,structure,high
model,learning,data,,,function,using,time,,number,problem,,used,,given,also,,distribution,network,based,matrix,neural,first,information,use,,,,input,,different,,,methods,space,algorithms,performance,,parameters,networks,value,image,random,large,,section,let,order,,log,features,optimal,analysis,gaussian,following,example,see,show,since,new,may,work,values,kernel,feature,,shown,well,bound,test,class,theorem,,,,thus,points,,size,step,,note,system,mean,sample,rate,optimization,single,,consider,problems,local,,form,process,,,structure,high
model,,data,algorithm,set,function,,,,number,,models,,training,,,results,distribution,network,,,neural,,,use,,,linear,,state,,,probability,methods,,algorithms,,approach,,networks,,image,,large,vector,section,,,,log,features,optimal,,gaussian,following,example,,show,,,may,work,values,kernel,feature,point,,,bound,test,class,theorem,,,,thus,points,,size,,,,,,sample,,optimization,single,parameter,,,local,machine,form,process,,,,
model,learning,data,algorithm,set,,,,,number,,,used,,,also,results,distribution,network,,,neural,,,use,,,,,state,,,,methods,,algorithms,,,parameters,networks,value,,,large,,section,let,,,,features,,analysis,,following,example,see,,,new,may,work,values,kernel,,point,,,bound,,,theorem,,,,thus,points,,size,step,paper,note,system,,sample,,optimization,single,parameter,consider,,,machine,form,,,graph,,high
model,,data,algorithm,set,function,,time,,number,problem,,,training,,,results,distribution,network,based,matrix,neural,first,,,,,,,state,,case,probability,methods,,algorithms,,approach,parameters,,,,,large,vector,section,let,,,log,features,,,,,example,,show,,,may,work,values,kernel,,,,well,bound,,,,,noise,,thus,points,classification,size,step,,,system,,sample,,,single,parameter,consider,,,machine,,,second,,structure,
,learning,data,algorithm,set,function,using,,figure,number,problem,models,used,training,given,also,results,,,,matrix,,first,information,use,error,method,linear,input,state,different,case,probability,,space,algorithms,,approach,,networks,,,random,large,vector,section,let,order,functions,log,features,optimal,,gaussian,following,example,see,show,,,may,work,values,kernel,feature,point,shown,well,bound,test,class,theorem,output,noise,variables,thus,points,,size,step,paper,note,system,,sample,rate,optimization,single,parameter,consider,problems,local,machine,form,process,second,graph,,high
model,learning,,algorithm,set,function,,time,,number,,,used,,,,,,network,,matrix,neural,first,,,,method,linear,input,state,,case,probability,,space,,performance,approach,parameters,,value,image,,,vector,,let,order,functions,log,,,analysis,gaussian,,,see,show,,new,,work,values,kernel,,point,,,,test,,theorem,output,,,thus,points,classification,,,,note,system,,sample,,optimization,single,parameter,consider,problems,local,,form,process,second,graph,structure,high
model,,,algorithm,,function,,,,,,,,,,also,,,network,,,,first,,,,,,,state,,,,methods,,algorithms,performance,,,,,,,,,section,,,,,features,,,,following,,,,,,,work,,,feature,,,well,,,,,,,,,,,,,,,,,,,optimization,,,,,local,,,process,,graph,,
,learning,,algorithm,,,using,,,number,,models,used,,,,,,,,matrix,,,,use,error,,linear,input,,,,probability,,space,,,,parameters,,value,image,,,vector,,,,functions,,features,,,gaussian,following,,see,,,new,,,,kernel,feature,,,well,bound,test,,,,,,thus,points,classification,size,,,,system,mean,sample,,optimization,,,,,local,,,process,,,structure,
,learning,,algorithm,set,function,using,time,,number,problem,,,,given,,results,distribution,network,,,neural,,information,,,method,,,,,,,methods,space,,performance,approach,,,,image,random,,vector,section,,,functions,log,features,,,,,,see,show,,new,,work,values,kernel,feature,point,,well,bound,,,theorem,output,,,thus,,classification,size,,,,,,,,,single,,,problems,local,,form,,,graph,structure,
,,data,algorithm,set,function,using,time,figure,number,problem,models,used,training,given,also,results,distribution,network,based,,neural,,information,,error,,linear,input,,different,,probability,methods,space,algorithms,,approach,,,value,image,random,large,,section,let,,functions,log,features,,analysis,,,example,,show,,,may,work,,kernel,feature,,,well,,test,class,,output,,variables,thus,points,,,step,,note,system,,sample,,,single,parameter,consider,problems,local,,form,process,,graph,structure,high
,learning,data,,set,,,,,number,,,,,,,,,,,,,,,,error,,,input,,different,,,methods,,,performance,,,,value,,,large,vector,section,let,,,,,,,,,,see,,,,may,,,,,,shown,,,,,,,,,,,classification,,,,,,,,,optimization,,,,,local,,,,,,,
,learning,data,algorithm,set,,,time,figure,number,problem,models,,training,,also,results,distribution,network,based,,neural,first,information,use,error,method,linear,,state,,case,probability,methods,space,algorithms,,approach,,,,image,random,large,vector,section,let,order,,log,features,,,,following,,,show,since,new,,,values,kernel,,,shown,well,bound,test,class,theorem,output,,variables,thus,points,classification,size,step,paper,,system,mean,sample,,optimization,single,parameter,consider,problems,,machine,form,process,second,graph,structure,
,,data,algorithm,,function,,time,figure,number,problem,models,,training,,also,,distribution,network,based,matrix,neural,,,use,,method,linear,input,,different,case,probability,methods,,algorithms,performance,approach,parameters,networks,value,image,random,large,,section,let,order,functions,log,features,,analysis,,following,example,see,show,since,new,may,work,values,kernel,feature,point,shown,well,bound,,class,theorem,,noise,variables,thus,,classification,size,step,paper,,system,mean,sample,rate,optimization,single,parameter,consider,problems,local,machine,form,,second,graph,structure,
,learning,data,,set,function,using,time,,number,problem,models,used,training,,also,results,distribution,network,based,matrix,,first,information,use,,method,linear,,state,different,case,,,space,algorithms,performance,approach,,,value,,,large,vector,section,let,,functions,log,features,optimal,analysis,,following,example,see,show,,new,may,work,values,kernel,feature,,,well,,,class,theorem,,,variables,thus,,classification,,step,,,system,mean,sample,,,single,parameter,consider,problems,local,machine,,process,second,,structure,high
model,learning,data,algorithm,set,,using,,figure,,,models,used,training,given,also,results,distribution,,based,matrix,neural,first,information,use,,method,,,state,,case,probability,,,algorithms,performance,approach,,networks,value,,,large,vector,section,let,order,functions,log,features,optimal,,,following,example,,show,since,,,work,values,kernel,feature,,shown,well,bound,,class,,,,variables,,,,,,,,,,sample,,optimization,,parameter,consider,,local,machine,form,process,second,,,
model,learning,data,,,,using,,figure,number,problem,,used,,given,also,results,distribution,network,based,,neural,first,information,use,error,method,linear,input,state,different,,probability,methods,space,algorithms,performance,approach,parameters,networks,,,random,large,vector,section,let,order,functions,log,features,optimal,analysis,gaussian,,example,see,show,since,,may,work,values,kernel,feature,,shown,well,bound,test,,,,,variables,thus,points,classification,size,step,paper,note,system,mean,,rate,,single,parameter,consider,,local,machine,form,process,second,graph,,high
,learning,data,algorithm,set,function,,time,figure,number,problem,models,used,training,given,also,results,distribution,network,,matrix,,first,information,,,method,linear,input,state,different,case,,,space,algorithms,performance,approach,parameters,networks,value,,,large,vector,section,let,order,functions,log,,optimal,analysis,gaussian,,example,see,,since,new,,,values,kernel,feature,point,shown,well,bound,test,,theorem,output,noise,variables,thus,points,classification,size,step,paper,,,mean,sample,rate,optimization,single,parameter,consider,problems,local,machine,form,process,second,graph,,high
model,learning,data,algorithm,set,function,using,time,figure,,problem,models,used,,given,also,results,distribution,,based,matrix,neural,first,information,use,error,method,linear,input,,different,case,probability,methods,space,algorithms,performance,,parameters,networks,value,image,random,large,,section,let,,,log,features,optimal,analysis,gaussian,,example,see,show,since,new,may,work,values,,feature,point,shown,well,bound,test,class,theorem,output,noise,,thus,points,classification,size,step,,,system,mean,,rate,,single,,consider,problems,local,machine,form,process,second,,structure,high
model,learning,data,algorithm,set,function,using,time,,number,problem,models,,training,given,,,distribution,network,,matrix,neural,first,information,,error,method,linear,input,state,,case,probability,,space,algorithms,,approach,parameters,,value,image,,large,,section,let,order,,log,features,optimal,analysis,gaussian,following,,see,show,since,new,,,,kernel,feature,point,shown,well,bound,test,class,theorem,output,,,thus,points,classification,size,step,,,system,mean,sample,rate,optimization,single,parameter,consider,problems,,machine,,process,second,graph,structure,high
model,learning,,,set,function,using,time,,number,problem,,used,,given,,results,,network,based,matrix,,,information,use,error,,,input,state,,,probability,methods,,algorithms,performance,approach,,,value,image,,large,vector,section,let,,functions,log,features,,analysis,gaussian,following,example,see,show,since,new,may,work,values,,feature,point,shown,well,bound,test,,theorem,output,noise,variables,thus,points,classification,size,step,paper,note,,mean,sample,,,single,,consider,,local,machine,form,process,,,structure,high
,,,,,,,,,,,,used,,,,,,,,,,,,,,,,,,,,,,,,,,,,,,,,,,,,,,,,,gaussian,,,,,,,,,,,,,,,,,,,,,,,,,,,,,,,,,optimization,,,,,,,,,,,,
model,learning,,,,,using,,,number,,,,,given,,,distribution,,based,matrix,,,,,error,,linear,,,,,,,space,algorithms,performance,,parameters,,value,,,,vector,,,,,,features,,,gaussian,,,see,,since,,,,values,,,,,well,,test,,,,,,thus,points,classification,,step,,,system,mean,,,,,,,,local,,,,,,structure,high
model,learning,data,algorithm,set,function,using,,figure,,problem,models,used,training,given,,results,distribution,network,,matrix,neural,first,,use,error,method,linear,,state,different,case,,,space,algorithms,performance,,,,value,image,,large,vector,,let,,,log,features,,,,following,,see,show,,,may,work,values,kernel,feature,point,shown,well,bound,test,class,theorem,output,,variables,thus,points,classification,,step,,note,system,mean,,rate,optimization,single,parameter,consider,problems,,machine,form,process,second,,structure,high
,learning,data,algorithm,set,function,using,,figure,,problem,models,used,training,given,also,results,distribution,network,,matrix,neural,,information,use,error,method,linear,input,state,different,case,probability,,space,algorithms,performance,approach,parameters,networks,value,image,,large,vector,section,let,order,functions,log,features,optimal,analysis,gaussian,following,example,see,,since,new,may,work,values,kernel,feature,point,shown,,bound,test,class,,output,noise,,thus,points,classification,size,step,paper,note,system,,sample,,optimization,single,,consider,problems,local,machine,form,process,second,graph,,high
,learning,data,algorithm,set,function,using,time,figure,number,problem,models,used,,given,,results,distribution,network,based,matrix,,first,information,,error,method,,,state,,case,probability,methods,space,,performance,approach,parameters,networks,value,image,random,large,vector,section,let,order,functions,log,features,optimal,analysis,gaussian,following,example,see,show,since,new,may,work,values,,feature,point,shown,well,bound,test,,theorem,output,,variables,thus,points,classification,size,step,paper,,system,mean,sample,rate,optimization,single,parameter,,problems,local,machine,form,process,second,graph,,high
model,,,,set,,,,figure,,,,,,,,results,distribution,network,,,neural,,,,,,,,state,,,,,,,,,,,,,,large,,section,let,,,,,optimal,,,,example,,,,,,,,,,,,well,,,,theorem,,,,thus,,,,,,,,mean,,,,,,,,,,,,,graph,,high
,learning,,algorithm,,,,time,figure,number,problem,models,used,,given,also,results,,,,,neural,,,,error,method,,,,different,,,methods,space,,,approach,parameters,,value,,random,,,,,,,,,,,,,,,show,since,new,,work,,kernel,feature,point,,,,test,class,,output,,variables,,,classification,size,,,,system,,,,optimization,single,,,problems,,,form,process,,,,
,,data,,set,,using,,,number,,,,,given,,,distribution,,,,neural,,,use,error,,linear,,state,different,,probability,methods,,algorithms,performance,,,,value,image,random,,vector,section,let,,functions,,,,,gaussian,,example,see,,,,may,work,values,,feature,point,shown,,,test,,,,,variables,,points,classification,,step,,,system,mean,sample,rate,,single,parameter,consider,,local,,form,process,second,,,
model,,data,,set,,,,,,,,,training,,,,,network,,,,,,,,,,,state,,,,,,algorithms,,,,,,,,,,,let,,,,,,,,,,,show,,,,,,kernel,,,,,,,,,,,,,points,,,,,,,,,,,,,consider,,,,,,,,,
,learning,data,algorithm,set,function,,time,figure,,problem,models,used,,given,also,results,distribution,network,,matrix,neural,first,,,error,method,,,state,different,case,probability,methods,space,algorithms,performance,approach,parameters,networks,value,image,,large,vector,,let,,,log,features,optimal,analysis,gaussian,,example,see,,since,new,,work,values,,feature,point,shown,,bound,test,class,theorem,output,noise,variables,,points,classification,size,step,paper,note,system,,sample,rate,optimization,single,parameter,consider,problems,local,machine,form,process,,graph,structure,high
,learning,data,algorithm,,,using,,,number,problem,,,,given,,,distribution,,,matrix,,,information,,error,,,input,state,,,probability,,,algorithms,performance,,,networks,,,,large,vector,,let,,,,features,,,,,,see,,,new,may,work,,kernel,,point,shown,well,bound,,class,,,,,,,,,,,,system,,,,optimization,,,,,local,,form,,,,,
,,,,set,function,,,figure,,,,,,,also,,distribution,network,,,,,information,,,,,,state,,,probability,methods,,,,,,,value,,,,vector,section,let,,,log,features,,analysis,,following,,see,,,,may,work,values,kernel,,,,,,test,,,,,,thus,points,,size,,,,,,,,,single,,,,,,,,,graph,,high
model,,data,algorithm,set,function,using,time,figure,number,problem,,,training,,also,results,distribution,network,based,matrix,neural,,information,use,error,,linear,input,state,different,,probability,methods,space,algorithms,,,parameters,networks,value,image,random,large,vector,,let,order,functions,log,features,,analysis,gaussian,,example,see,show,since,new,may,,values,kernel,feature,point,shown,well,bound,test,class,,output,,variables,thus,points,classification,,step,,,system,,sample,,,single,,consider,problems,local,,form,process,second,,structure,high
,,,,set,,using,,figure,,,,used,,given,also,,,,,,neural,,information,use,error,method,linear,,state,different,case,,,,,performance,,,,value,,,large,vector,,let,,functions,log,features,,,,following,,see,show,,,may,work,values,kernel,,,shown,well,,test,class,,output,,,,,classification,,step,,,system,,,,optimization,,parameter,,,local,machine,form,,second,graph,structure,
,learning,,algorithm,set,function,,,,number,problem,models,,,given,,,distribution,,,,,,,,,,,,,,case,,,,algorithms,,,,,value,,,,,,,,,,,,,gaussian,,example,,,,,,,,,,,,,,test,,,,noise,variables,,,classification,size,,,,,,,,optimization,,parameter,,problems,,,form,,,,,high
,learning,,algorithm,set,function,,time,figure,,problem,models,used,training,given,also,,,network,based,matrix,,first,information,use,,,,input,,different,case,probability,,space,algorithms,performance,,,networks,,,,large,,,,order,,log,features,,analysis,gaussian,following,,see,,since,new,,,,kernel,,point,,well,bound,test,class,,output,noise,,,points,classification,size,step,,note,system,mean,,,optimization,,,,problems,,,form,process,second,,structure,high
model,learning,data,algorithm,,,,time,figure,number,problem,models,used,,,,,,,based,matrix,,first,,use,,method,,,state,,case,,,space,algorithms,,,,networks,,,,large,,,let,,functions,log,features,,analysis,,following,example,see,,since,,,work,values,kernel,feature,,shown,,bound,,,,,,variables,thus,points,classification,,step,,note,,mean,,,optimization,single,,,,,machine,,process,second,graph,structure,high
model,learning,data,algorithm,,,using,time,figure,number,problem,models,,training,given,also,results,distribution,network,,,neural,first,information,use,error,method,linear,,,,,probability,,space,algorithms,performance,approach,parameters,networks,value,image,,,vector,section,let,,,log,features,,analysis,gaussian,,example,,show,since,new,,work,values,kernel,feature,point,shown,well,bound,,class,theorem,,,,thus,points,classification,size,step,paper,note,system,mean,sample,rate,optimization,single,,consider,problems,,machine,form,process,second,graph,,
,learning,data,algorithm,set,function,,,figure,number,problem,,,training,given,also,results,distribution,,based,matrix,neural,first,,,,,linear,input,state,,,probability,methods,space,,performance,,parameters,networks,,,,large,vector,section,let,,functions,log,features,,analysis,gaussian,following,example,see,show,,new,may,work,values,kernel,feature,point,,well,bound,test,class,,,,variables,thus,,classification,size,,,,,mean,,,,single,,consider,,local,machine,form,,second,,,high
,learning,,algorithm,set,function,using,time,figure,number,problem,models,used,training,given,also,results,distribution,,based,matrix,neural,,information,use,error,method,linear,input,state,different,case,probability,methods,space,algorithms,,approach,parameters,networks,,,random,large,vector,,let,order,functions,log,features,optimal,analysis,gaussian,following,,see,show,since,new,may,work,values,kernel,feature,point,shown,well,bound,test,class,theorem,output,noise,variables,thus,points,classification,size,step,,note,system,mean,sample,rate,optimization,single,,consider,problems,,machine,form,process,second,graph,,high
,,data,,set,function,,time,,number,problem,,,,,,,distribution,,based,,,,information,use,error,method,,,state,,,probability,methods,space,algorithms,performance,approach,,,,,,large,,,let,,functions,log,,,,,,example,,,,new,may,,values,,feature,point,shown,well,,,class,,output,noise,,thus,points,,,step,,,,mean,,,optimization,single,,,,local,,form,process,,graph,,
model,,data,,,,,,,number,problem,,,,given,,,,,based,,,,,use,,,,,,,,,methods,,,,,,,value,,random,,vector,,,,,log,,,,,,,see,show,since,,,,,,,point,,,,,,,,,variables,,,,,step,,,system,,,,optimization,,,,,local,,,,second,graph,,
,,,,,,using,,figure,number,,models,used,,given,also,results,distribution,network,,matrix,neural,,,,,method,linear,input,,,,,,space,algorithms,performance,,,,value,,,large,,section,let,,,log,features,,analysis,gaussian,,example,,,,new,,work,,,,point,shown,,bound,,,,,,,,,classification,size,step,,,,,sample,rate,,,,,,local,machine,form,process,,,structure,high
,learning,,,,,,time,,,problem,,,training,given,,,,,,,,,information,,,method,linear,,state,,,,,space,,,,,,,image,,,,,,,,log,features,,,,,example,,,since,,,work,,kernel,,,,,bound,,,,,,,,,,size,,paper,,,,sample,,,,,,,,,form,process,second,graph,structure,high
,learning,data,,set,,using,,figure,number,problem,models,used,training,given,also,results,distribution,,,matrix,,first,information,,,method,,input,,different,,probability,,space,algorithms,performance,approach,,networks,value,,random,large,vector,,let,,,log,features,optimal,analysis,gaussian,,example,see,show,since,new,,work,values,,feature,point,,well,,test,class,theorem,output,noise,variables,thus,,classification,,step,,note,system,mean,sample,rate,optimization,single,parameter,consider,,local,machine,form,process,,,,high
,,data,,set,function,using,time,figure,,,models,,,,,results,,,based,,neural,,information,,error,,linear,,,,,,methods,,,,,,,,,,,vector,section,let,,,,,,,,,example,,,,new,,,values,kernel,,,shown,well,,test,class,theorem,,,,,points,classification,,step,paper,note,,,,,,single,,,,local,machine,form,process,,graph,,high
model,,data,algorithm,set,function,using,time,figure,number,problem,,,training,,,,distribution,network,based,,neural,first,information,use,,method,linear,,,,,probability,,,algorithms,performance,,,networks,,image,,large,,section,let,,,log,features,optimal,,,following,example,see,show,,,may,work,values,kernel,feature,point,shown,well,,,class,,,,,thus,points,classification,,step,paper,,,mean,sample,,,single,parameter,consider,problems,local,,form,,second,,structure,high
model,learning,data,algorithm,set,function,using,time,,,problem,,,training,given,,,distribution,,,,,,information,use,,method,linear,,state,,case,probability,methods,space,algorithms,performance,,parameters,networks,value,,,large,vector,,let,,,log,features,,,gaussian,,example,see,show,,new,may,work,,kernel,feature,point,shown,,,test,class,theorem,output,,,thus,,classification,size,,paper,note,system,,,rate,optimization,,,,problems,local,machine,form,process,second,,structure,high
model,learning,data,,,function,using,time,,,problem,models,,training,,,,,,based,matrix,neural,,information,use,,method,,,state,,case,,,space,algorithms,performance,,parameters,,,image,,large,,section,let,,functions,log,features,,,gaussian,following,,see,show,,new,may,work,values,kernel,,point,,,bound,test,class,,,noise,variables,thus,points,,size,step,paper,note,system,mean,,rate,,,parameter,consider,,local,machine,form,process,,,structure,high
,learning,,,,,using,time,,,,,used,,,,,distribution,,,,,,information,,,,,,,different,case,probability,,,,,,,,,,random,,,,,,,,,optimal,analysis,,,example,see,,,new,,work,values,kernel,feature,point,shown,well,,,,theorem,output,,,,,classification,size,step,,,system,mean,,,,,,,,,machine,form,process,second,,,
,learning,data,algorithm,set,function,using,time,,number,problem,models,used,training,given,,results,,,based,matrix,,first,,use,error,,linear,input,state,different,,probability,methods,space,,,,parameters,networks,value,,random,large,vector,section,let,,,log,features,optimal,analysis,,following,example,see,show,since,new,may,work,values,kernel,feature,point,,well,bound,test,class,theorem,,noise,,thus,points,classification,,step,paper,,system,mean,,rate,optimization,single,parameter,consider,,local,,,,second,graph,structure,high
model,learning,data,algorithm,set,,using,,figure,,,,,,given,also,,,,based,,neural,first,,,,method,linear,input,,different,case,,methods,space,algorithms,,,parameters,networks,,image,random,large,vector,,let,,,log,features,optimal,,,,example,see,show,since,,may,,,,,point,shown,,bound,,,theorem,output,,,thus,points,classification,size,step,,note,system,mean,sample,,optimization,single,,,problems,local,machine,form,,second,graph,structure,high
model,learning,data,algorithm,set,,using,time,figure,number,problem,models,used,training,given,,results,distribution,network,,,,,information,use,error,method,linear,input,state,different,case,probability,methods,space,algorithms,,approach,parameters,networks,value,,random,large,vector,section,let,order,functions,log,features,,analysis,,,example,see,,since,new,,work,values,kernel,feature,point,shown,well,bound,,,theorem,output,noise,variables,thus,points,classification,size,step,paper,note,,,sample,,optimization,single,parameter,consider,problems,local,machine,form,process,second,graph,,high
model,,,,set,,,,,,,,used,training,,,,distribution,,,,,,information,,,,,,,,,,,,algorithms,,,,,,,,large,,,,,,log,,,,gaussian,following,,,,,,,work,,,,,,,,,,,output,,variables,,,,,,,,,mean,,,,,,,problems,,machine,,,,,,
,,data,,set,,using,time,figure,,,models,used,,given,,results,distribution,,,matrix,neural,,,use,,method,,input,state,,case,probability,,space,algorithms,,,parameters,,value,,random,large,vector,section,let,,,,features,optimal,analysis,gaussian,following,,see,show,,,may,work,values,,feature,point,,well,bound,test,,theorem,output,noise,variables,thus,points,,size,step,paper,note,system,mean,,,optimization,,,,problems,local,,form,,second,graph,,
,learning,,,set,,using,time,figure,,problem,,used,,given,also,,distribution,,based,matrix,neural,,information,use,error,method,linear,,,,,,,space,algorithms,performance,approach,parameters,networks,value,,,,vector,section,let,order,,log,features,,analysis,gaussian,following,,,show,since,new,may,,,kernel,,,shown,,bound,test,,,,,,,points,,size,,paper,note,system,,sample,,optimization,single,,consider,problems,local,machine,form,,,,,high
